feature,pvalue,reject
Spectral centroid,1.91717867094639e-05,1
-|Δf0|,0.999989697930519,0
