feature,pvalue,reject
Spectral centroid,1.20147131865247e-05,1
-|Δf0|,0.999988222461155,0
