feature,pvalue,reject
Spectral centroid,2.03053877716745e-05,1
-|Δf0|,0.999973093706291,0
