feature,pvalue,reject
Spectral centroid,4.98478636999954e-06,1
-|Δf0|,0.999992672657463,0
