feature,pvalue,mean,CI_l,CI_u
-|Δf0|,0,0.670366925716327,0.63455088430272,0.695545177938887
Spectral centroid,0.259952297097196,0.519032573579151,0.47832876207421,0.589926093795717
f0,0,0.908474226122596,0.887874166876025,0.926686849201105
