feature,pvalue,mean,CI_l,CI_u
-|Δf0|,0,0.657105352982336,0.629950941199846,0.684557854574753
Spectral centroid,0.060500978966421,0.530971247550325,0.491366992067124,0.570510527202316
f0,0,0.860709187817452,0.825938775488898,0.894619965298909
