feature,pvalue,mean,CI_l,CI_u
-|Δf0|,0,0.659085014191325,0.632459595895187,0.685849439812924
Spectral centroid,0.0300128745042825,0.534240674864569,0.496218510921214,0.572380042664347
f0,0,0.852935040015557,0.818525533511766,0.886964681353802
