feature,pvalue,mean,CI_l,CI_u
-|Δf0|,0,0.657763862178365,0.631235988107331,0.683972144221407
Spectral centroid,0.0273500382709964,0.533902823775338,0.49708028749796,0.571598690924581
f0,0,0.850565854353387,0.816397358312202,0.88413848741062
