feature,pvalue,mean,CI_l,CI_u
-|Δf0|,0,0.658294841580284,0.632001822960087,0.684236472944981
Spectral centroid,0.034655998995107,0.532035302539948,0.495189132216275,0.568113713374657
f0,0,0.848599559603372,0.815352093775477,0.881666675909368
