feature,pvalue,reject
Spectral centroid,0.0334771865980994,0
-|Δf0|,0.996186047012426,0
