feature,pvalue,mean,CI_l,CI_u
-|Δf0|,0.000915527343734901,0.689255690647311,0.608449693408782,0.771038615013509
Spectral centroid,0.505187988281114,0.586187829045419,0.413564359340876,0.659737158804361
f0,0.000305175781249112,0.916153136027715,0.754006861608129,0.949029172797647
