feature,pvalue,reject
Spectral centroid,0.000527527353214541,1
-|Δf0|,0.999999020365137,0
