feature,pvalue,reject
Spectral centroid,0.000334339763410439,1
-|Δf0|,0.999999372203827,0
