feature,pvalue,reject
Spectral centroid,0.000509017999636787,1
-|Δf0|,0.999999045773516,0
