feature,pvalue,reject
f0 ratio,0.00189745000879954,1
Sign of f0 slope,8.40161767029814e-06,1
