feature,pvalue,reject
f0 ratio,6.38289606093674e-05,1
Sign of f0 slope,0.134095231715266,0
IOI rate,1,0
