feature,pvalue,reject
f0 ratio,0.00330190828938752,1
Sign of f0 slope,0.0668686928562692,0
