feature,pvalue,reject
f0 ratio,0.00280964652425897,1
Sign of f0 slope,0.0671792175954443,0
