feature,pvalue,reject
f0 ratio,3.53518356420043e-05,1
Sign of f0 slope,0.118555418567406,0
IOI rate,1,0
