feature,pvalue,reject
f0 ratio,0.00118229113638642,1
Sign of f0 slope,0.0559285454008508,0
