feature,pvalue,reject
f0 ratio,6.5872794166991e-05,1
Sign of f0 slope,0.177490538561351,0
IOI rate,1,0
