feature,pvalue,mean,CI_l,CI_u
-|Δf0|,0,0.674253607323743,0.640979615701549,0.707054343619608
Spectral centroid,0.0414755814637102,0.54033891039018,0.492666399066056,0.588707615450395
f0,0,0.888050598689119,0.848096359122817,0.927108483838212
