feature,pvalue,mean,CI_l,CI_u
-|Δf0|,0,0.694120938821892,0.661609153796654,0.722339230690143
Spectral centroid,0.223881503797823,0.523359757125991,0.467658332383806,0.595828247676401
f0,0,0.918470820310056,0.894501988225462,0.949216339687831
