feature,pvalue,mean,CI_l,CI_u
-|Δf0|,0,0.67418288140708,0.641641567157353,0.706279605231153
Spectral centroid,0.0453002311692652,0.539118588953277,0.49209416839277,0.586295844032443
f0,0,0.888998685773279,0.849680009995909,0.927143724131299
