feature,pvalue,mean,CI_l,CI_u
-|Δf0|,0,0.694120938821892,0.661609153796654,0.730749914529598
Spectral centroid,0.252010047753973,0.523040396167269,0.467658332383806,0.618984661691954
f0,0,0.918470820310056,0.894501988225462,0.95158591381369
