feature,pvalue,mean,CI_l,CI_u
-|Δf0|,1,0.692987643022705,0.661646759876394,0.730739161358033
Spectral centroid,0.8735,0.523177872782478,0.467791625820691,0.618392432166225
f0,1,0.918531015581352,0.900847825164901,0.95137122635476
