feature,pvalue,mean,CI_l,CI_u
-|Δf0|,1,0.692916935569053,0.661687984148265,0.730729768485961
Spectral centroid,0.8721875,0.523122251741779,0.467776580785092,0.618888918340991
f0,1,0.918590618018585,0.900762614941487,0.953142234601632
