feature,pvalue,mean,CI_l,CI_u
IOI rate,0,0.876800426294835,0.839452499504423,0.91084592189782
Sign of f0 slope,0.130055897329775,0.565460079703881,0.468920548318468,0.664262170554972
f0 ratio,0.142148942225448,0.528937786049399,0.480986014295448,0.576876475289396
