feature,pvalue,mean,CI_l,CI_u
IOI rate,1,0.899394102025681,0.842503608293082,0.945819416872048
Sign of f0 slope,0.98275,0.549801587301587,0.5,0.70218253968254
f0 ratio,0.87575,0.54875102328439,0.449941254477216,0.600297737936688
