feature,pvalue,mean,CI_l,CI_u
IOI rate,0,0.88868778280543,0.842424242424243,0.945887445887446
Sign of f0 slope,0.0170063212631417,0.550000000000001,0.499999999999999,0.702380952380953
f0 ratio,0.244936718023802,0.548702716827393,0.449860095977783,0.600311279296875
