feature,pvalue,mean,CI_l,CI_u
IOI rate,1,0.888852851925857,0.842504914236663,0.945450814296315
Sign of f0 slope,0.9511875,0.500488758553275,0.500488758553275,0.666422287390029
f0 ratio,0.8786875,0.54514864486217,0.450267449152435,0.594875536589562
