feature,pvalue,mean,CI_l,CI_u
IOI rate,0,0.875071158133092,0.836191217796756,0.909857919608731
Sign of f0 slope,0.116955193741036,0.567439984315668,0.471603039699597,0.667933980894891
f0 ratio,0.117618366006936,0.531070974277559,0.482348898942372,0.579389233744699
