feature,pvalue,mean,CI_l,CI_u
IOI rate,0,0.88868778280543,0.840066146940704,0.940873015873016
Sign of f0 slope,0.00837543514439698,0.550000000000001,0.499999999999999,0.702380952380953
f0 ratio,0.20564479769367,0.547515869140625,0.45111083984375,0.593719482421875
