feature,pvalue,mean,CI_l,CI_u
IOI rate,1,0.898614780193727,0.842503608293082,0.945819416872048
Sign of f0 slope,0.9821875,0.55,0.5,0.749801587301587
f0 ratio,0.8805625,0.54875102328439,0.449941254477216,0.600297737936688
