feature,pvalue,reject
Spectral centroid,0.0393109705579312,0
-|Δf0|,0.992204748947022,0
