feature,pvalue,reject
Spectral centroid,0.2784749009751,0
-|Δf0|,0.999952818432558,0
