feature,pvalue,reject
Spectral centroid,0.043872687366479,0
-|Δf0|,0.999851567380569,0
