feature,pvalue,mean,CI_l,CI_u
-|Δf0|,0.000549316406250888,0.70744234785674,0.604665656556971,0.764756812781233
Spectral centroid,0.30377197265618,0.540937177588119,0.424616342698261,0.689163234368031
f0,0,0.912745219224644,0.834700310065219,0.941749988181017
