feature,pvalue,reject
f0 ratio,5.46727794864747e-09,1
Sign of f0 slope,0.622867212473053,0
IOI rate,1,0
