feature,pvalue,reject
f0 ratio,5.40091712854856e-05,1
Sign of f0 slope,0.941987629297721,0
