feature,pvalue,reject
Spectral centroid,5.29224794599271e-06,1
-|Δf0|,0.999999999997205,0
