feature,pvalue,reject
f0 ratio,5.79894181009596e-06,1
Sign of f0 slope,0.937560366594264,0
