feature,pvalue,reject
f0 ratio,4.74580881404429e-07,1
Sign of f0 slope,0.88056246272899,0
