feature,pvalue,reject
f0 ratio,5.67014259091501e-09,1
Sign of f0 slope,0.663858070638245,0
IOI rate,1,0
