feature,pvalue,reject
f0 ratio,8.87685079087848e-08,1
Sign of f0 slope,0.549962167757301,0
IOI rate,1,0
