feature,pvalue,reject
f0 ratio,2.70090854399693e-08,1
Sign of f0 slope,0.620418466515754,0
IOI rate,1,0
