feature,pvalue,reject
Spectral centroid,1.92902645601851e-06,1
-|Δf0|,0.999999999989253,0
