feature,pvalue,reject
Spectral centroid,7.84374892620727e-06,1
-|Δf0|,0.999999999995193,0
