feature,pvalue,reject
Spectral centroid,9.72612240100338e-06,1
-|Δf0|,0.99999999994383,0
