feature,pvalue,mean,CI_l,CI_u
-|Δf0|,0,0.67505679744602,0.651691747573727,0.69896404160743
Spectral centroid,0.0231648111013039,0.53467699188413,0.497733081456236,0.571782099254965
f0,0,0.874365357767095,0.84246677747309,0.906410556965187
