feature,pvalue,mean,CI_l,CI_u
-|Δf0|,0,0.678341699725896,0.653929366957798,0.702881894333474
Spectral centroid,0.0238044588188187,0.536306998552071,0.497805445072893,0.575129050263444
f0,0,0.874519148621601,0.840961063271185,0.907684900490033
