feature,pvalue,mean,CI_l,CI_u
-|Δf0|,0,0.697011473470894,0.666275629812759,0.722339230690143
Spectral centroid,0.261570414676419,0.523359757125991,0.476128443285563,0.57825375
f0,0,0.912745219224643,0.885376273548341,0.942736595446778
