feature,pvalue,mean,CI_l,CI_u
-|Δf0|,0,0.677783220775554,0.651980504213522,0.703656860784374
Spectral centroid,0.041879039374126,0.533783831501139,0.493832396938436,0.574142774792164
f0,0,0.87825384779407,0.843636705745946,0.912296504565175
