feature,pvalue,mean,CI_l,CI_u
-|Δf0|,0,0.694120938821892,0.665567212868169,0.730749914529598
Spectral centroid,0.176882131395071,0.527638195969864,0.478801917363356,0.581945277499723
f0,0,0.918470820310056,0.894501988225462,0.947383094269614
