feature,pvalue,mean,CI_l,CI_u
IOI rate,0,0.871375599380788,0.839164552860478,0.900948730478056
Sign of f0 slope,0.000352321174625025,0.621289333174006,0.540149132615079,0.689324406367572
f0 ratio,0.114864541747909,0.52306095674286,0.487635221482464,0.55881301639196
