feature,pvalue,mean,CI_l,CI_u
IOI rate,0,0.901147959183673,0.842424242424243,0.94485294117647
Sign of f0 slope,0.000121082984144927,0.666666666666668,0.5,0.75
f0 ratio,0.102265560375151,0.543270111083984,0.469120025634766,0.568041801452637
