feature,pvalue,mean,CI_l,CI_u
IOI rate,0,0.87137651878996,0.840309455770636,0.900575707264673
Sign of f0 slope,0.000245588261241103,0.624235647385618,0.541688839487715,0.691463371714163
f0 ratio,0.08927752582398,0.524731630447527,0.489591029519981,0.559672317255402
