feature,pvalue,mean,CI_l,CI_u
IOI rate,0,0.880509282070558,0.84948048857297,0.908898602080547
Sign of f0 slope,0.000952823861742225,0.615351442755277,0.529649664852142,0.685893109737571
f0 ratio,0.0632045551564344,0.528214494180047,0.491548331574939,0.564900372481995
