feature,pvalue,mean,CI_l,CI_u
IOI rate,0,0.904150197628458,0.842424242424242,0.940873015873017
Sign of f0 slope,6.42131784500677e-05,0.65,0.5,0.702380952380952
f0 ratio,0.0945652801866936,0.533355712890625,0.469696044921875,0.56585693359375
