feature,pvalue,mean,CI_l,CI_u
IOI rate,0,0.874789474015286,0.843747813989822,0.903875927172724
Sign of f0 slope,0.000306836375487229,0.621109121475704,0.536134584747853,0.69095746679883
f0 ratio,0.0744042499395556,0.526517009497036,0.490498529443756,0.562486105255899
