feature,pvalue,reject
Spectral centroid,2.68416144248453e-05,1
-|Δf0|,0.000263161484921253,1
