feature,pvalue,reject
Spectral centroid,0.000319147884597491,1
-|Δf0|,0.0867440721912872,0
