feature,pvalue,mean,CI_l,CI_u
-|Δf0|,0,0.596971220675913,0.571047156360252,0.62227255834267
Spectral centroid,0,0.430323743357941,0.401745508644045,0.459006304393546
f0,0,0.716807229096181,0.675108093983641,0.758340041363896
