feature,pvalue,reject
Spectral centroid,6.08069998656352e-14,1
-|Δf0|,2.42029565818991e-05,1
