feature,pvalue,reject
Spectral centroid,5.94317216817176e-14,1
-|Δf0|,2.40696412709946e-05,1
