feature,pvalue,reject
Spectral centroid,5.76955168310026e-14,1
-|Δf0|,2.45568720007868e-05,1
