feature,pvalue,mean,CI_l,CI_u
-|Δf0|,0,0.576710397918248,0.550935064361573,0.60257159315339
Spectral centroid,0,0.422956235359513,0.391613230002937,0.461514172938354
f0,0,0.71264216462483,0.687225138317492,0.750033745781777
