feature,pvalue,mean,CI_l,CI_u
-|Δf0|,0,0.585186923336407,0.570141849465165,0.600304854350475
Spectral centroid,0,0.44429486456313,0.425952294606266,0.462619337795217
f0,0,0.705003944956966,0.678775639777751,0.731511176198049
