feature,pvalue,mean,CI_l,CI_u
-|Δf0|,0,0.584537594806331,0.570319633790828,0.601394521937154
Spectral centroid,0,0.440363413834975,0.415805496505102,0.461514172938354
f0,0,0.716075854216988,0.687371565620851,0.750033745781777
