feature,pvalue,mean,CI_l,CI_u
-|Δf0|,0,0.585247492953118,0.570202596957535,0.600332056373611
Spectral centroid,0,0.444382783975001,0.426124242833152,0.462483331306246
f0,0,0.705036580860951,0.678547500199191,0.731471481655355
