feature,mean,CI_diff,CI_sim_l,CI_sim_u
f0,0.798290598290598,0.665201465201465,0.647863247863248,0.950671550671551
