feature,mean,CI_l,CI_u
f0,0.763123155080977,0.720241474253674,0.956277160894394
