feature,pvalue,reject
Spectral centroid,5.75437280261058e-06,1
-|Δf0|,5.03316407796539e-05,1
