feature,pvalue,reject
Spectral centroid,5.33645835776348e-06,1
-|Δf0|,5.06692190999604e-05,1
