feature,pvalue,reject
Spectral centroid,5.3411451605137e-06,1
-|Δf0|,4.90034629669197e-05,1
