feature,pvalue,reject
Spectral centroid,0.000458174415188028,1
-|Δf0|,1.13855650458994e-05,1
