feature,pvalue,mean,CI_l,CI_u
-|Δf0|,0,0.579239506203605,0.56025764338327,0.598364557616832
Spectral centroid,0,0.431023493875187,0.40809271065463,0.453716745947626
f0,0,0.714826357323754,0.683049215289987,0.746493919232299
