feature,pvalue,mean,CI_l,CI_u
-|Δf0|,0,0.576983515480849,0.551986841674576,0.604079980207373
Spectral centroid,0,0.420494903982845,0.391613230002936,0.460829223969831
f0,0,0.716075854216988,0.687371565620852,0.758085483182194
