feature,pvalue,mean,CI_l,CI_u
-|Δf0|,0,0.579206362748026,0.560360807146281,0.598215580728608
Spectral centroid,0,0.430985676797802,0.408282219987689,0.453756115395536
f0,0,0.714802970607542,0.683001596669079,0.746067119739947
