feature,pvalue,reject
Spectral centroid,1.87662852174457e-05,1
-|Δf0|,0.999989575112667,0
