feature,pvalue,reject
f0 ratio,2.39204338225362e-11,1
IOI rate,0.0677444601959656,0
