feature,pvalue,reject
Spectral centroid,5.05885515528569e-06,1
-|Δf0|,0.999993004251432,0
