feature,pvalue,reject
f0 ratio,1.34519475252157e-11,1
IOI rate,0.0602968766307095,0
