feature,pvalue,reject
Spectral centroid,2.13741128444543e-05,1
-|Δf0|,0.999972662959025,0
