feature,pvalue,reject
Spectral centroid,2.08709688500958e-05,1
-|Δf0|,0.999973966199491,0
