feature,pvalue,reject
Spectral centroid,1.17218563768884e-05,1
-|Δf0|,0.999988277466837,0
