feature,pvalue,reject
Spectral centroid,1.25635007724772e-06,1
-|Δf0|,0.99999990101903,0
