feature,pvalue,reject
f0 ratio,1.42424814661703e-13,1
IOI rate,0.0204011775291341,0
