feature,pvalue,reject
f0 ratio,3.14906284509075e-12,1
IOI rate,0.0391456608452827,0
