feature,pvalue,reject
f0 ratio,2.45663974011124e-12,1
IOI rate,0.139745963816694,0
