feature,pvalue,reject
f0 ratio,2.44368388173746e-12,1
IOI rate,0.139167681011835,0
