feature,pvalue,mean,CI_l,CI_u
-|Δf0|,0,0.658335844323673,0.632450764341799,0.683860687708627
Spectral centroid,0.0352474227003716,0.53196707348961,0.49544822362248,0.568538456159552
f0,0,0.848655056302039,0.815244685835356,0.881654269972066
