feature,pvalue,mean,CI_l,CI_u
-|Δf0|,0,0.65914842504204,0.63206005825215,0.685947418129217
Spectral centroid,0.0299185303058627,0.534282796846528,0.496312300630642,0.572558771171769
f0,0,0.853153131986073,0.818277085311854,0.887399080794093
