feature,pvalue,mean,CI_l,CI_u
-|Δf0|,0,0.657699764098619,0.631214771810251,0.684177079266304
Spectral centroid,0.0296455872106511,0.533871964242626,0.496505878995501,0.571066312428939
f0,0,0.850539540861251,0.816220477834082,0.884340707058866
