feature,pvalue,mean,CI_l,CI_u
IOI rate,0,0.598444647274538,0.570267135275447,0.626775636835748
f0 ratio,0.000104580107746166,0.460020673246395,0.434997921473524,0.484607208279295
