feature,pvalue,mean,CI_l,CI_u
IOI rate,0,0.59843683855739,0.570105643089918,0.626672629611878
f0 ratio,0.000120355188509613,0.460024775546209,0.435462491462948,0.484380888944141
