feature,pvalue,mean,CI_l,CI_u
IOI rate,0,0.587076583210604,0.568378778270978,0.615028089887641
f0 ratio,0.000212443215844793,0.464019775390625,0.446746826171875,0.48223876953125
