feature,pvalue,mean,CI_l,CI_u
IOI rate,0,0.594023229975364,0.566542149697626,0.621191661073827
f0 ratio,6.47625192025103e-05,0.456787227507801,0.432130056651345,0.481387230993515
