feature,pvalue,mean,CI_l,CI_u
IOI rate,0,0.591516621147423,0.564804615835737,0.61807748764478
f0 ratio,0,0.457816054324507,0.4336186817064,0.481907084836454
