feature,pvalue,mean,CI_l,CI_u
IOI rate,0,0.593981676171292,0.567102646318411,0.620728754344595
f0 ratio,0,0.455911411746752,0.431880353829803,0.480118815408758
