accuracy_svm,accuracy_lrm,accuracy_bnb,precision_song_svm,precision_desc_svm,precision_song_lrm,precision_desc_lrm,precision_song_bnb,precision_desc_bnb,recall_song_svm,recall_desc_svm,recall_song_lrm,recall_desc_lrm,recall_song_bnb,recall_desc_bnb,Fvalue_song_svm,Fvalue_desc_svm,Fvalue_song_lrm,Fvalue_desc_lrm,Fvalue_song_bnb,Fvalue_desc_bnb
0.9294084821428572,0.9580078125000001,0.9185267857142858,0.9153429876330268,0.959803461512446,0.9630580357142857,0.9631936693948413,0.9260407154694266,0.9291866770382395,0.9571707589285715,0.9016462053571428,0.9581473214285715,0.9578683035714286,0.9206194196428572,0.9164341517857143,0.9320624504491117,0.9252387807951343,0.957704942021061,0.9576241878143303,0.9180199477490953,0.9174485165250906
