feature,pmi
f0,0.005555943080357142
IOI rate,0.18458426339285716
-|Δf0|,0.049909319196428575
f0 ratio,-0.0012974330357142859
Spectral centroid,-0.0005894252232142863
Sign of f0 slope,0.007624162946428571
Pulse clarity,0.0010114397321428564
Onset-break interval,0.0007184709821428569
IOI ratio deviation,0.0075230189732142854
Spectral flatness,0.0088134765625
f0 ratio deviation,0.011757114955357143
90% f0 quantile length,0.006086077008928571
Short-term energy,0.0036481584821428563
