feature,pmi
f0,0.0019391741071428572
IOI rate,0.09915597098214288
-|Δf0|,0.03262416294642857
f0 ratio,-0.0021693638392857153
Spectral centroid,-0.0047223772321428594
Sign of f0 slope,0.007519531250000001
Pulse clarity,0.0016183035714285709
Onset-break interval,-0.005493164062500001
IOI ratio deviation,0.001845005580357142
Spectral flatness,-0.013759068080357147
f0 ratio deviation,0.009908621651785715
90% f0 quantile length,0.0010881696428571422
Short-term energy,0.0015450613839285714
