feature,pmi
f0,0.0036285400390625
IOI rate,0.0940826416015625
-|Δf0|,0.0341461181640625
f0 ratio,-0.0013702392578124997
Spectral centroid,-0.002978515625
Sign of f0 slope,0.0123260498046875
Pulse clarity,0.0028961181640625
Onset-break interval,-0.0021209716796875
IOI ratio deviation,0.005975341796875
Spectral flatness,-0.01195068359375
f0 ratio deviation,0.010952758789062501
90% f0 quantile length,0.0046783447265624995
Short-term energy,0.0044036865234375
