feature,pmi
f0,0.011987304687500002
IOI rate,0.11997767857142858
-|Δf0|,0.01234654017857143
f0 ratio,0.001656668526785715
Spectral centroid,-0.001241629464285715
Sign of f0 slope,0.005984933035714285
Pulse clarity,0.0071812220982142875
Onset-break interval,0.0040527343749999995
IOI ratio deviation,0.02311662946428572
Spectral flatness,0.0004568917410714282
f0 ratio deviation,-0.0028494698660714293
90% f0 quantile length,-0.002573939732142858
Short-term energy,0.004914202008928573
