feature,pmi
f0,0.013867187500000001
IOI rate,0.12191685267857144
-|Δf0|,0.014826311383928573
f0 ratio,0.0015101841517857146
Spectral centroid,-0.0007638113839285718
Sign of f0 slope,0.00883091517857143
Pulse clarity,0.007153320312500001
Onset-break interval,0.0056256975446428575
IOI ratio deviation,0.024979073660714293
Spectral flatness,0.00081263950892857
f0 ratio deviation,-0.0018833705357142886
90% f0 quantile length,-0.0016427176339285717
Short-term energy,0.0056291852678571445
