feature,pmi
f0,0.0035156250000000005
IOI rate,0.1802703857421875
-|Δf0|,0.049340820312500006
f0 ratio,-0.0009887695312500002
Spectral centroid,-0.002032470703125
Sign of f0 slope,0.011944580078125
Pulse clarity,0.0019805908203125
Onset-break interval,0.000701904296875
IOI ratio deviation,0.0069488525390625
Spectral flatness,0.00635986328125
f0 ratio deviation,0.00999755859375
90% f0 quantile length,0.0041900634765625
Short-term energy,0.0029998779296875003
