feature,mean,CI_diff,CI_sim_l,CI_sim_u
Pulse clarity,0.517704517704518,0.368498168498169,0.757753357753358,0.368498168498169
Rate of change of f0,0.594383394383394,0.507936507936508,0.643467643467644,0.507936507936508
Spectral centroid,0.513797313797314,0.484737484737485,0.545054945054945,0.484737484737485
f0,0.978754578754579,0.931135531135531,0.997313797313797,0.931135531135531
