feature,mean,CI_diff,CI_sim_l,CI_sim_u
Pulse clarity,0.571672771672772,0.391941391941392,0.727960927960928,0.391941391941392
Rate of change of f0,0.611477411477412,0.53040293040293,0.657387057387057,0.53040293040293
Spectral centroid,0.517948717948718,0.395604395604396,0.599023199023199,0.395604395604396
f0,0.913308913308913,0.753601953601954,0.996336996336996,0.753601953601954
