feature,mean,CI_diff,CI_sim_l,CI_sim_u
f0,0.736263736263736,0.597557997557998,0.554822954822955,0.891575091575092
