feature,mean,CI_l,CI_u
f0,0.730515469608028,0.560899243055575,0.94870539614317
