feature,pvalue,reject
f0 ratio,8.76922143633327e-06,1
Sign of f0 slope,0.347872900556761,0
