feature,pvalue,reject
f0 ratio,2.69297777726897e-08,1
Sign of f0 slope,0.574377875201958,0
IOI rate,1,0
