feature,pvalue,reject
f0 ratio,0.999999999999773,0
Sign of f0 slope,0.995677352300344,0
IOI rate,1,0
