feature,pvalue,reject
f0 ratio,1.38316006770499e-05,1
Sign of f0 slope,0.66127004219998,0
