feature,pvalue,reject
f0 ratio,5.54237005334846e-09,1
Sign of f0 slope,0.573444441890216,0
IOI rate,1,0
