feature,pvalue,reject
Spectral centroid,5.41626107901302e-06,1
-|Δf0|,0.999999999997268,0
