feature,pvalue,reject
f0 ratio,4.94027746948722e-13,1
Sign of f0 slope,5.0085898994293e-08,1
IOI rate,0.844893923382774,0
