feature,pvalue,reject
f0 ratio,2.42321816064649e-12,1
Sign of f0 slope,2.48629698113892e-08,1
IOI rate,0.873485600740702,0
