feature,pvalue,reject
Spectral centroid,5.93179933848567e-06,1
-|Δf0|,0.999999999986523,0
