feature,pvalue,reject
f0 ratio,0.648781741022488,0
Sign of f0 slope,0.999793096226858,0
