feature,pvalue,reject
f0 ratio,0.999999999363745,0
Sign of f0 slope,0.999192550141942,0
IOI rate,1,0
