feature,pvalue,reject
Spectral centroid,5.20451188202799e-06,1
-|Δf0|,0.999999999997088,0
