feature,pvalue,reject
f0 ratio,6.36811707059648e-05,1
Sign of f0 slope,0.721281038655886,0
