feature,pvalue,reject
Spectral centroid,3.42462581992054e-06,1
-|Δf0|,0.999999999988388,0
