feature,pvalue,reject
f0 ratio,4.57604254901504e-12,1
Sign of f0 slope,4.94245566828098e-08,1
IOI rate,0.870628030005443,0
