feature,pvalue,reject
f0 ratio,0.999999999777815,0
Sign of f0 slope,0.996280394611754,0
IOI rate,1,0
