feature,pvalue,reject
f0 ratio,0.999999999999998,0
Sign of f0 slope,0.998078141369114,0
IOI rate,1,0
