feature,pvalue,reject
Spectral centroid,5.51670330980747e-06,1
-|Δf0|,0.999999999997459,0
