feature,pvalue,reject
f0 ratio,8.42380586196846e-14,1
Sign of f0 slope,0.0158980924321406,0
IOI rate,0.00183978683892225,1
