feature,pvalue,reject
Spectral centroid,5.04480009126743e-05,1
-|Δf0|,0.999999999898198,0
