feature,pvalue,reject
f0 ratio,0.996760446854879,0
Sign of f0 slope,0.999960091647369,0
