feature,pvalue,reject
f0 ratio,0.678348096774302,0
Sign of f0 slope,0.999095561007702,0
