feature,pvalue,reject
f0 ratio,0.999999999442333,0
Sign of f0 slope,0.999360981771134,0
IOI rate,1,0
