feature,pvalue,reject
f0 ratio,0.999999897486332,0
Sign of f0 slope,0.389791394469385,0
IOI rate,0.00301389847186941,1
