feature,pvalue,reject
f0 ratio,8.76922143633327e-06,1
Sign of f0 slope,0.347332551828421,0
