feature,pvalue,reject
f0 ratio,0.999999999999927,0
Sign of f0 slope,0.996178436015808,0
IOI rate,1,0
