feature,pvalue,reject
f0 ratio,9.18975118086906e-11,1
Sign of f0 slope,0.808086415767398,0
IOI rate,1,0
