feature,pvalue,reject
f0 ratio,0.999999979016958,0
Sign of f0 slope,0.564620628037634,0
IOI rate,0.00418467884329224,1
