feature,pvalue,reject
f0 ratio,8.5729279593691e-06,1
Sign of f0 slope,0.23028298535074,0
