feature,pvalue,reject
f0 ratio,0.999999006173298,0
Sign of f0 slope,0.999038020125512,0
IOI rate,1,0
