feature,pvalue,reject
f0 ratio,3.69668290990197e-05,1
Sign of f0 slope,0.942712649456112,0
