feature,pvalue,reject
Spectral centroid,4.35251867660185e-06,1
-|Δf0|,0.999999999804092,0
