feature,pvalue,reject
f0 ratio,7.1950849092103e-06,1
Sign of f0 slope,0.361019459387482,0
