feature,pvalue,reject
f0 ratio,0.999946140052065,0
Sign of f0 slope,0.345558945022405,0
IOI rate,0.00886133930031117,0
