feature,pvalue,reject
f0 ratio,3.81812457864916e-09,1
Sign of f0 slope,0.453114707087019,0
IOI rate,1,0
