feature,pvalue,reject
f0 ratio,6.72870037952783e-10,1
Sign of f0 slope,0.461349362999257,0
IOI rate,1,0
