feature,pvalue,reject
Spectral centroid,7.61580394605844e-06,1
-|Δf0|,0.999999999995206,0
