feature,pvalue,reject
Spectral centroid,5.34284064441156e-06,1
-|Δf0|,0.999999999995431,0
