feature,pvalue,reject
f0 ratio,2.13977604842568e-08,1
Sign of f0 slope,0.312874734017902,0
IOI rate,1,0
