feature,pvalue,reject
f0 ratio,4.08188149046911e-09,1
Sign of f0 slope,0.655926631296293,0
IOI rate,1,0
