feature,pvalue,reject
Spectral centroid,9.88776156969931e-06,1
-|Δf0|,0.999999999943567,0
