feature,pvalue,reject
f0 ratio,1.28948254357727e-10,1
Sign of f0 slope,0.771281665459794,0
IOI rate,1,0
