feature,pvalue,reject
f0 ratio,4.04987700512091e-10,1
Sign of f0 slope,0.477079107223677,0
IOI rate,1,0
