feature,pvalue,reject
f0 ratio,8.62278207036538e-08,1
Sign of f0 slope,0.505282707377196,0
IOI rate,1,0
