feature,pvalue,reject
f0 ratio,5.9444602225516e-07,1
Sign of f0 slope,0.34903892358953,0
