feature,pvalue,reject
f0 ratio,0.000789658832157633,1
Sign of f0 slope,0.350873223328117,0
IOI rate,1,0
