feature,pvalue,reject
f0 ratio,2.51643451538767e-12,1
Sign of f0 slope,2.44884265109085e-08,1
IOI rate,0.872759737912404,0
