feature,pvalue,reject
f0 ratio,5.60938801047914e-09,1
Sign of f0 slope,0.581068251689666,0
IOI rate,1,0
