feature,pvalue,reject
Spectral centroid,3.9491366720394e-06,1
-|Δf0|,0.999999999990252,0
