feature,pvalue,reject
f0 ratio,0.999999965847663,0
Sign of f0 slope,0.38454410777775,0
IOI rate,0.00182029083057979,1
