feature,pvalue,reject
Spectral centroid,1.12051146000241e-06,1
-|Δf0|,0.999999999979352,0
