feature,pvalue,reject
Spectral centroid,1.00948953593539e-05,1
-|Δf0|,0.999999999939637,0
