feature,pvalue,reject
f0 ratio,1.34706472838176e-10,1
Sign of f0 slope,2.41067940538911e-07,1
IOI rate,0.88670911842515,0
