feature,pvalue,reject
f0 ratio,4.69424134576608e-10,1
Sign of f0 slope,0.757305177980206,0
IOI rate,1,0
