feature,pvalue,reject
f0 ratio,5.58382114698793e-06,1
Sign of f0 slope,0.259786727727189,0
