feature,pvalue,reject
f0 ratio,0.000167614052989676,1
Sign of f0 slope,0.577641187014825,0
IOI rate,1,0
