feature,pvalue,reject
f0 ratio,9.65251160383766e-11,1
Sign of f0 slope,0.805895581362766,0
IOI rate,1,0
