feature,pvalue,reject
f0 ratio,5.54729660363977e-06,1
Sign of f0 slope,0.821794202523348,0
