feature,pvalue,mean,CI_l,CI_u
-|Δf0|,0,0.949722893096559,0.930022921706118,0.968971704049538
Spectral centroid,0,0.751808716300271,0.680859529013992,0.82258003661775
f0,0,0.960703880961465,0.923906653379634,0.993753210376428
