feature,pvalue,mean,CI_l,CI_u
-|Δf0|,0.821696529855731,0.502224791667272,0.478041313124398,0.526282369690953
Spectral centroid,0.959616472307908,0.499488868839679,0.475434873833369,0.524020773182306
f0,0.179179358539765,0.477917909071785,0.443128059035426,0.512883114522743
