feature,pvalue,mean,CI_l,CI_u
-|Δf0|,0,0.675265863466293,0.651328226179731,0.699256034878114
Spectral centroid,0.0218839834407207,0.536501456384301,0.498311041612528,0.574955626192642
f0,0,0.879531146715337,0.848264793212344,0.910830456730206
