feature,pvalue,mean,CI_l,CI_u
-|Δf0|,0,0.943872859148688,0.922701986560812,0.964672503726988
Spectral centroid,0,0.753921095372488,0.686551971866534,0.822013479250159
f0,0,0.962751749010923,0.928292743828173,0.994051258377177
