feature,pvalue,mean,CI_l,CI_u
-|Δf0|,1,0.692987643022705,0.665920516669073,0.730739161358033
Spectral centroid,0.9091875,0.523581329767003,0.478920177283761,0.581378115333551
f0,1,0.918531015581352,0.894532400016169,0.946950428750648
