feature,pvalue,mean,CI_l,CI_u
-|Δf0|,0,0.943430777285907,0.922379042379346,0.964162264333146
Spectral centroid,0,0.745483962675206,0.673741181166114,0.817207969566986
f0,0,0.962346512217148,0.928363145135811,0.99430953979624
