feature,pvalue,mean,CI_l,CI_u
-|Δf0|,0.728504009684273,0.503360665411789,0.479718171885631,0.526866322913863
Spectral centroid,0.863099317915347,0.498292348875008,0.474493645175692,0.522184532815744
f0,0.0880909352247849,0.471712480249713,0.436097383105459,0.507365432501294
