feature,pvalue,mean,CI_l,CI_u
-|Δf0|,0,0.9467778886796,0.925943810322229,0.967034284296855
Spectral centroid,0,0.719377988828634,0.639669791634479,0.79843702099236
f0,0,0.956780939166158,0.916874801658285,0.99355689875456
