feature,pvalue,mean,CI_l,CI_u
-|Δf0|,0,0.896955177335111,0.86084965504911,0.933360832356302
Spectral centroid,0,0.743701094434804,0.665063486650593,0.821855572495274
f0,0,0.897295246335064,0.841010097711696,0.953147711991466
