feature,pvalue,mean,CI_l,CI_u
-|Δf0|,0,0.694120938821892,0.666275629812759,0.722339230690143
Pulse clarity,0.0165044782114032,0.621111111111112,0.505555555555556,0.670000000000001
Spectral centroid,0.25824949517301,0.523359757125991,0.476128443285563,0.57825375
f0,0,0.912745219224643,0.885376273548341,0.942736595446778
