feature,pvalue,mean,CI_l,CI_u
-|Δf0|,0,0.94687060280948,0.925577830806024,0.967566226507702
Spectral centroid,0,0.734774549588866,0.658766475012361,0.810753685208485
f0,0,0.95708066173799,0.916585885052089,0.993246982801321
