feature,pvalue,mean,CI_l,CI_u
-|Δf0|,0,0.677574170970904,0.653692267595453,0.701325612997725
Pulse clarity,0.00409481503497933,0.572745119457276,0.513566749187579,0.631306440649564
Spectral centroid,0.0189364485152739,0.536684037926989,0.499401713076412,0.574006581200817
f0,0,0.872966055754295,0.840252604091897,0.905853574175899
