feature,pvalue,mean,CI_l,CI_u
-|Δf0|,0,0.67780197192295,0.654737829446434,0.700905778956401
Spectral centroid,0.0389281985799768,0.533676449935936,0.494518521672864,0.572982233336924
f0,0,0.880799924777596,0.84789654963134,0.913098677364462
