feature,pvalue,mean,CI_l,CI_u
-|Δf0|,0,0.677852796598608,0.652383307818049,0.703651550185023
Pulse clarity,0.00330867905343002,0.576972513858702,0.514935507806347,0.637875888165038
Spectral centroid,0.0429459949311424,0.533629403129677,0.493046413922168,0.573852286635929
f0,0,0.878106408436782,0.844130975941255,0.912269114036896
