feature,pvalue,mean,CI_l,CI_u
-|Δf0|,0,0.683269371382124,0.654257548393637,0.717972937482484
Spectral centroid,0.170080588177741,0.539409455691944,0.461961115807271,0.56921300477744
f0,0,0.928208897186409,0.903387129486996,0.959308010410326
