feature,pvalue,mean,CI_l,CI_u
-|Δf0|,0,0.949884229322817,0.930399339503051,0.968835915417494
Spectral centroid,0,0.737744896566735,0.66258384391242,0.811886834231963
f0,0,0.960293968425103,0.924082702280249,0.994031659183214
