feature,pvalue,mean,CI_l,CI_u
-|Δf0|,0,0.674193170795683,0.650967630007881,0.696994201832849
Spectral centroid,0.0211740241672489,0.535974122153207,0.498444235254359,0.573575531393899
f0,0,0.877605744341094,0.846266939976518,0.908775986693476
