feature,pvalue,mean,CI_l,CI_u
-|Δf0|,0,0.965439318773941,0.95146123750099,0.984264571222631
Spectral centroid,0.0002135612117522,0.704914715653976,0.597855690762784,0.835097220461856
f0,0,0.999770642201835,0.999708454810496,0.999919160666034
