feature,pvalue,mean,CI_l,CI_u
-|Δf0|,0,0.677801248424903,0.651952669171971,0.703971404317597
Pulse clarity,0.00287402183192764,0.576855339391394,0.515165339483477,0.637233441003984
Spectral centroid,0.0464681142808105,0.533440236315673,0.492591081820933,0.574083613541322
f0,0,0.878207212152657,0.844245250312977,0.91190743919591
