feature,pvalue,mean,CI_l,CI_u
-|Δf0|,0,0.898355226434328,0.859720734013169,0.93607737575956
Spectral centroid,0,0.725777576324932,0.640912223022941,0.810603141917926
f0,0,0.889333167034355,0.826447736665518,0.950944133763914
