feature,pvalue,mean,CI_l,CI_u
-|Δf0|,1,0.689509413657287,0.660718002389389,0.721010604809223
Spectral centroid,0.944125,0.520430739337184,0.4801081350774,0.589641179484574
f0,1,0.923873877179943,0.885536980795742,0.954543394287304
