feature,pvalue,mean,CI_l,CI_u
-|Δf0|,1,0.68102029110378,0.65427394282015,0.717908711052008
Spectral centroid,0.907875,0.532726393457257,0.462082267068924,0.569091724340702
f0,1,0.924301413305574,0.903496344090976,0.959189913988515
