feature,pvalue,mean,CI_l,CI_u
-|Δf0|,0,0.67822012193562,0.653915367238106,0.702742014672227
Pulse clarity,0.00860894012381497,0.568163008896284,0.506932042474534,0.628682997877834
Spectral centroid,0.0239131124460039,0.536285721095161,0.497606027731396,0.574565820131528
f0,0,0.874368102492449,0.841174653041888,0.907780911084588
