feature,pvalue,mean,CI_l,CI_u
-|Δf0|,0,0.676029008364217,0.653360832692589,0.698666560845991
Spectral centroid,0.028542558016972,0.535042975621478,0.496690324944491,0.573918092262429
f0,0,0.882807891155844,0.850876488638387,0.91450558988533
