feature,pvalue,mean,CI_l,CI_u
-|Δf0|,0,0.678990574175749,0.654621344185244,0.703135022494093
Spectral centroid,0.0903942395449375,0.528381417974058,0.487414208602525,0.569687054144114
f0,0,0.881475486873154,0.846929370695161,0.915191520108807
