feature,pvalue,mean,CI_l,CI_u
-|Δf0|,0,0.832576989142139,0.786407437624759,0.877534624509082
Spectral centroid,0.000890706596663016,0.589459601264317,0.524979563493912,0.654825833720394
f0,0,0.839950611675997,0.756281028420503,0.92326115869194
