feature,pvalue,mean,CI_l,CI_u
-|Δf0|,0,0.945334135943547,0.924792382155471,0.96580190996444
Spectral centroid,0,0.753479601120211,0.685177012556759,0.8220527629231
f0,0,0.961692473093799,0.925945484166766,0.993997037103086
