feature,pvalue,mean,CI_l,CI_u
-|Δf0|,1,0.963828635042642,0.951202981806062,0.985816167209746
Spectral centroid,1,0.703023996732389,0.597874349391451,0.835028410120832
f0,1,0.999765137531289,0.999765137531289,0.999765137531289
