feature,pvalue,mean,CI_l,CI_u
-|Δf0|,0,0.677611648209811,0.653583160081558,0.701560040976926
Pulse clarity,0.0079989713487949,0.566852297701339,0.506657669637639,0.626212091886921
Spectral centroid,0.0205131376651346,0.536684781892307,0.498713211683063,0.574600112908328
f0,0,0.87297064483788,0.840067507826335,0.906139659612881
