feature,pvalue,mean,CI_l,CI_u
-|Δf0|,0,0.966951550152328,0.95308659625727,0.999675955930006
Spectral centroid,0,0.715192378823082,0.642294700192532,0.999722376457524
f0,0,0.999770642201835,0.999734888653234,0.999800558436378
