feature,pvalue,mean,CI_l,CI_u
-|Δf0|,0,0.895122457452191,0.8583551646369,0.931562979139662
Spectral centroid,0,0.745952040027836,0.668677784372522,0.823842258863527
f0,0,0.900076047959679,0.844493074870487,0.954169042501945
