feature,pvalue,mean,CI_l,CI_u
-|Δf0|,1,0.68102029110378,0.65427394282015,0.717908711052008
Spectral centroid,0.914125,0.532726393457257,0.463870725964831,0.569091724340702
f0,1,0.928302388154535,0.903496344090976,0.959189913988515
