feature,pvalue,mean,CI_l,CI_u
-|Δf0|,0.63326929605759,0.504546901014015,0.481344102855887,0.527613573366677
Spectral centroid,0.38010849139135,0.489963553947826,0.462965948204825,0.516837308759254
f0,0.0574701454391962,0.468668942431696,0.433492770022125,0.503993050652569
