feature,pvalue,mean,CI_l,CI_u
-|Δf0|,0,0.690323400043565,0.660434722468265,0.713118659115362
Spectral centroid,0.241237991135233,0.520287419703157,0.47765074884619,0.58741351965688
f0,0,0.918823970040822,0.885323870924368,0.948402067276037
