feature,pvalue,mean,CI_l,CI_u
-|Δf0|,1,0.689281613480223,0.660511294821312,0.721013582589315
Spectral centroid,0.9400625,0.520522005851664,0.479627552948012,0.589982436886543
f0,1,0.923519161091092,0.885347170256418,0.954576659010343
