feature,pvalue,mean,CI_l,CI_u
-|Δf0|,0,0.674174933256691,0.648910531754417,0.698483094820747
Spectral centroid,0.0550405783411181,0.531936426438491,0.491512310083518,0.57185941804031
f0,0,0.880907327019182,0.848731235972699,0.913151321448915
