feature,pvalue,mean,CI_l,CI_u
-|Δf0|,0,0.672890592233918,0.650941955691069,0.710478380754155
Spectral centroid,0.361272831732303,0.514428692700127,0.470794440324909,0.568470740049162
f0,0,0.915787808737179,0.895490258046802,0.951408218910892
