feature,pvalue,mean,CI_l,CI_u
-|Δf0|,0,0.690323400043565,0.660434722468265,0.721019218406888
Spectral centroid,0.111633001630172,0.534521438442802,0.479608192184056,0.590090394988728
f0,0,0.924813795941869,0.885323870924368,0.954589615172923
