feature,pvalue,mean,CI_l,CI_u
IOI rate,0,0.849984131449589,0.819096328384355,0.879161206328652
Sign of f0 slope,0,0.608519643858753,0.547257470747046,0.663989760375266
f0 ratio,0.334152842916979,0.514703695159733,0.477687052601797,0.551042143007771
