feature,pvalue,mean,CI_l,CI_u
IOI rate,1,0.878027630162994,0.84835794391607,0.913320982430578
Sign of f0 slope,1,0.745510785510786,0.583343508343509,0.833274318274319
f0 ratio,0.9989375,0.614115494016617,0.532235620892237,0.780118524460566
