feature,pvalue,mean,CI_l,CI_u
IOI rate,0.3607284157817,0.480366050987653,0.428910909236325,0.532873635497986
Sign of f0 slope,0.000191295633459099,0.61631101517173,0.531564400214379,0.71160217780044
f0 ratio,0,0.678920002833026,0.601909011335943,0.755684572199807
