feature,pvalue,mean,CI_l,CI_u
IOI rate,0.587389308532638,0.488338966686338,0.436313280612603,0.540508145353836
Sign of f0 slope,0.000774301267862931,0.602078735034316,0.520927750048048,0.691354986838991
f0 ratio,0,0.676637654463773,0.601822434619736,0.75053653289796
