feature,pvalue,mean,CI_l,CI_u
90% f0 quantile length,0.655592077218654,0.499999999999999,0.374999999999999,0.749999999999999
IOI rate,0,0.904150197628458,0.842424242424242,0.940873015873017
IOI ratio deviation,0,0.664350846721667,0.590508993494068,0.727803738317756
Onset-break interval,0,0.833333333333333,0.666666666666667,0.916666666666666
Short-term energy,0,0.711072504645216,0.645667711995313,0.786563652949665
Sign of f0 slope,0.000127054639533775,0.65,0.5,0.702380952380952
Spectral flatness,0,0.703655913978495,0.649461145774248,0.720609579100145
f0 ratio,0.0889299706649771,0.533355712890625,0.469696044921875,0.56585693359375
f0 ratio deviation,0.00014994374471744,0.643437802791595,0.605424284934998,0.700689554214478
