feature,pvalue,mean,CI_l,CI_u
IOI rate,0,0.851280485682594,0.804464901004448,0.894837810933759
Sign of f0 slope,0,0.70557600082462,0.618670364162359,0.783352248394025
f0 ratio,0,0.699239026715483,0.621032212006659,0.777330887650323
