feature,pvalue,mean,CI_l,CI_u
IOI rate,0,0.632688534594514,0.595658139191471,0.668660545059606
Sign of f0 slope,0.800886824264871,0.495485309794852,0.451301873054761,0.534805701432115
f0 ratio,0.0330698315731963,0.525538956895546,0.496764224690748,0.55395801068517
