feature,pvalue,mean,CI_l,CI_u
IOI rate,0,0.634863179754935,0.598739820220136,0.670314205870278
Sign of f0 slope,0.81563507938733,0.495844025408245,0.452176943837217,0.533837010216424
f0 ratio,0.0146034592142668,0.528852377960983,0.50049052791435,0.556815675290676
