feature,pvalue,mean,CI_l,CI_u
IOI rate,0,0.826922806967727,0.789693670232141,0.860454984061055
Sign of f0 slope,0,0.633930137438241,0.557681454635337,0.700582867446035
f0 ratio,0.763564024801224,0.495054490838864,0.454692967935775,0.535836146258636
