feature,pvalue,mean,CI_l,CI_u
IOI rate,0,0.791140218604582,0.737881288189341,0.842219569507609
Sign of f0 slope,0.00470627365657794,0.621199083710062,0.514460749563067,0.720830614022766
f0 ratio,0.735982047435662,0.508283717431188,0.447693807665406,0.568423712889219
