feature,pvalue,mean,CI_l,CI_u
IOI rate,0.583401330151912,0.488336905727157,0.436792665442159,0.54026725282579
Sign of f0 slope,0.190592035571659,0.463632444347533,0.402375900494481,0.525791515382078
f0 ratio,0.160773991659723,0.482459050351036,0.452380710580974,0.513119792393883
