feature,pvalue,mean,CI_l,CI_u
IOI rate,0,0.848764528016932,0.804827074725416,0.890252919347308
Sign of f0 slope,0,0.710398941177346,0.625991989605451,0.784993394193045
f0 ratio,0,0.710677804298649,0.636109291197036,0.785240760991525
