feature,pvalue,mean,CI_l,CI_u
IOI rate,0,0.848663503354931,0.806573072767805,0.888827336042851
Sign of f0 slope,0.0524694000014749,0.593134718722767,0.477078892516546,0.691416494826626
f0 ratio,0.229583496521854,0.526474680040154,0.471973941602059,0.580128513795658
