feature,pvalue,mean,CI_l,CI_u
IOI rate,0,0.832809201795347,0.795926153095861,0.86614765762759
Sign of f0 slope,0,0.624650585146686,0.550626210431953,0.696277105032827
f0 ratio,0.629819064181148,0.49187136089852,0.450500608259016,0.532964926936704
