feature,pvalue,mean,CI_l,CI_u
IOI rate,1,0.901331142842178,0.842504914236663,0.944559507802292
