feature,pvalue,mean,CI_l,CI_u
IOI rate,0,0.792605820039867,0.739127176620153,0.84398229077764
Sign of f0 slope,0,0.72474554828011,0.650551790709665,0.798496149016286
f0 ratio,0,0.693745348549865,0.616229094503932,0.771518387339983
