feature,pvalue,mean,CI_l,CI_u
IOI rate,0,0.824748447585772,0.789489966035794,0.857014993456575
Sign of f0 slope,0,0.638758203834342,0.562469853265588,0.703677576649425
f0 ratio,0.778173625772619,0.495511227620863,0.456928111982836,0.534337158806097
