feature,pvalue,mean,CI_l,CI_u
IOI rate,0,0.795438555786657,0.736532405651306,0.851948831738119
Sign of f0 slope,0,0.728447761320104,0.64952528816519,0.808026461842968
f0 ratio,0,0.682682211860287,0.599704328307276,0.765874198777281
