feature,pvalue,mean,CI_l,CI_u
IOI rate,0,0.858031680616073,0.82707227828105,0.88652639576249
Sign of f0 slope,0.00013077607725176,0.597191601691652,0.535163909989896,0.65581626937659
f0 ratio,0.195643948344666,0.520228122612985,0.481740465438879,0.558369472287349
