feature,pvalue,mean,CI_l,CI_u
IOI rate,0,0.865005476451259,0.826637069922308,0.920847268673356
Sign of f0 slope,0.000229299861897125,0.6,0.55,0.6875
f0 ratio,0.185031680723081,0.531485080718994,0.454892158508301,0.569450378417969
