feature,pvalue,mean,CI_l,CI_u
IOI rate,0,0.826761824644234,0.791370092256261,0.860048616847293
Sign of f0 slope,0,0.635296001940127,0.559541951922638,0.701217464309634
f0 ratio,0.816280466312583,0.49630641333812,0.457032102374121,0.535978038090614
