feature,pvalue,mean,CI_l,CI_u
IOI rate,1,0.856121578513062,0.758884702226277,0.901790133892698
Sign of f0 slope,0.9991875,0.637998575498576,0.5,0.749821937321937
f0 ratio,0.1736875,0.463839737050263,0.430134534544706,0.542727344638699
