feature,pvalue,mean,CI_l,CI_u
IOI rate,1,0.878099960745376,0.848595492645531,0.913039462442561
