feature,pvalue,mean,CI_l,CI_u
IOI rate,1,0.865175847075489,0.826863471487128,0.922198917718631
Sign of f0 slope,0.999625,0.599497276916632,0.521575198994554,0.666527021365731
f0 ratio,0.8615,0.531224081593175,0.454956216429918,0.569358014174803
