feature,pvalue,mean,CI_l,CI_u
IOI rate,0,0.866540404040403,0.826637069922308,0.920847268673356
Sign of f0 slope,0,0.6,0.535714285714286,0.666666666666667
f0 ratio,0.165652923564322,0.5306396484375,0.459991455078125,0.56585693359375
