feature,pvalue,mean,CI_l,CI_u
IOI rate,0,0.853470486344235,0.822524006006467,0.88194681312363
Sign of f0 slope,8.50692692972999e-05,0.607650829771847,0.545033356216161,0.663974279424045
f0 ratio,0.247128811588275,0.517713668247876,0.480331219705569,0.554986782550005
