feature,pvalue,mean,CI_l,CI_u
IOI rate,1,0.901331142842178,0.842504914236663,0.944559507802292
Sign of f0 slope,0.9991875,0.625366568914956,0.500488758553275,0.702346041055719
f0 ratio,0.9486875,0.533717175499551,0.469129373600756,0.568011583587408
