feature,pvalue,mean,CI_l,CI_u
IOI rate,0,0.635206541236484,0.598103963581885,0.671117379691459
Sign of f0 slope,0.836390903964722,0.496097193996341,0.452533808589421,0.534747498891438
f0 ratio,0.0105760326249511,0.530161468760349,0.50197610941531,0.558240791940946
