feature,pvalue,mean,CI_l,CI_u
IOI rate,1,0.865040730596286,0.826645131089576,0.920797818575597
Sign of f0 slope,0.9998125,0.598896011396012,0.550085760800047,0.687326298040584
f0 ratio,0.9080625,0.530839948572664,0.454908148447672,0.569366230923905
