feature,pvalue,mean,CI_l,CI_u
IOI rate,0,0.634902089056981,0.598420412890009,0.670361234791239
Sign of f0 slope,0.820508894587459,0.495944818715015,0.452555422358005,0.533783444284109
f0 ratio,0.0148487642255377,0.528798134135736,0.500434931569668,0.557075656976438
