feature,pvalue,mean,CI_l,CI_u
IOI rate,0,0.791319007118661,0.738098507286511,0.842518347842959
Sign of f0 slope,0,0.721223145664779,0.648691168224323,0.794309958460235
f0 ratio,0,0.692330651282138,0.614835337250725,0.77001333969637
