feature,pvalue,mean,CI_l,CI_u
IOI rate,1,0.856013022595684,0.758854636626814,0.894526256673434
