feature,pvalue,mean,CI_l,CI_u
IOI rate,0,0.885478863147839,0.853754940711462,0.910871821484172
Sign of f0 slope,0,0.750000000000001,0.625,0.875
f0 ratio,8.89663832372989e-05,0.660339355468749,0.553680419921874,0.996093749999999
