feature,pvalue,mean,CI_l,CI_u
IOI rate,0,0.824727753579386,0.789585830086126,0.857103795034581
Sign of f0 slope,0,0.638870733053723,0.562409039499863,0.703706942251053
f0 ratio,0.781612535584263,0.495587305306287,0.456629919619529,0.534708197505891
