feature,pvalue,mean,CI_l,CI_u
IOI rate,0,0.856187290969899,0.758829365079365,0.894771241830066
Sign of f0 slope,0.000473370229184589,0.666666666666667,0.5,0.75
f0 ratio,0.357625133797886,0.466380596160889,0.430066108703613,0.542732238769531
