feature,pvalue,mean,CI_l,CI_u
IOI rate,0,0.847558215391567,0.803895538633544,0.888637734136573
Sign of f0 slope,0,0.700462943088695,0.616912113790706,0.774968790964627
f0 ratio,0,0.703784812018937,0.629970249145535,0.776677610650903
