feature,pvalue,mean,CI_l,CI_u
IOI rate,0,0.848756419255697,0.806600243884059,0.888340659472622
Sign of f0 slope,0,0.700206485229058,0.619099762041268,0.774055845793886
f0 ratio,0,0.70406888870446,0.630158719454963,0.776294126405128
