feature,pvalue,mean,CI_l,CI_u
IOI rate,0.266026387222801,0.474822670327146,0.420248172832563,0.530299642906478
Sign of f0 slope,0.00677138300002955,0.597832282194465,0.507374441410982,0.699485443813971
f0 ratio,0,0.664235205324363,0.584347387934214,0.744912338717999
